2023. 12. 10.,200
2023. 12. 10.,403400
2023. 12. 11.,806600
2023. 12. 12.,1209800
2023. 12. 13.,1613000
2023. 12. 14.,2016200
2023. 12. 15.,2419400
2023. 12. 16.,2822600
2023. 12. 17.,3225800
2023. 12. 18.,3629000
2023. 12. 19.,4032200
2023. 12. 20.,4435400
2023. 12. 21.,4838600
2023. 12. 22.,5241800
2023. 12. 23.,5645000
2023. 12. 24.,6048200
2023. 12. 25.,6451400
2023. 12. 26.,6854600
2023. 12. 27.,7257800
2023. 12. 28.,7661000
2023. 12. 29.,8064200
2023. 12. 30.,8467400
2023. 12. 31.,8870600
2024. 1. 1.,9273800
2024. 1. 2.,9677000
2024. 1. 3.,10080200
2024. 1. 4.,10483400
2024. 1. 5.,10886600
2024. 1. 6.,11289800
2024. 1. 7.,11693000
2024. 1. 8.,12096200
2024. 1. 9.,12499400
2024. 1. 10.,12902600
2024. 1. 11.,13305800
2024. 1. 12.,13709000
2024. 1. 13.,14112200
2024. 1. 14.,14515400
2024. 1. 15.,14918600
2024. 1. 16.,15321800
2024. 1. 17.,15725000
2024. 1. 18.,16128200
2024. 1. 19.,16531400
2024. 1. 20.,16934600
2024. 1. 21.,17337800
2024. 1. 22.,17741000
2024. 1. 23.,18144200
2024. 1. 24.,18547400
2024. 1. 25.,18950600
2024. 1. 26.,19353800
2024. 1. 27.,19757000
2024. 1. 28.,20160200
2024. 1. 29.,20563400
2024. 1. 30.,20966600
2024. 1. 31.,21369800
2024. 2. 1.,21773000
2024. 2. 2.,22176200
2024. 2. 3.,22579400
2024. 2. 4.,22982600
2024. 2. 5.,23385800
2024. 2. 6.,23789000
2024. 2. 7.,24192200
2024. 2. 8.,24595400
2024. 2. 9.,24998600
2024. 2. 10.,25401800
2024. 2. 11.,25805000
2024. 2. 12.,26208200
2024. 2. 13.,26611400
2024. 2. 14.,27014600
2024. 2. 15.,27417800
2024. 2. 16.,27821000
2024. 2. 17.,28224200
2024. 2. 18.,28627400
2024. 2. 19.,29030600
2024. 2. 20.,29433800
2024. 2. 21.,29837000
2024. 2. 22.,30240200
2024. 2. 23.,30643400
2024. 2. 24.,31046600
2024. 2. 25.,31449800
2024. 2. 26.,31853000
2024. 2. 27.,32256200
2024. 2. 28.,32659400
2024. 2. 29.,33062600
2024. 3. 1.,33465800
2024. 3. 2.,33869000
2024. 3. 3.,34272200
2024. 3. 4.,34675400
2024. 3. 5.,35078600
2024. 3. 6.,35481800
2024. 3. 7.,35885000
2024. 3. 8.,36288200
2024. 3. 9.,36489800
2024. 3. 10.,36691400
2024. 3. 11.,36893000
2024. 3. 12.,37094600
2024. 3. 13.,37296200
2024. 3. 14.,37497800
2024. 3. 15.,37699400
2024. 3. 16.,37901000
2024. 3. 17.,38102600
2024. 3. 18.,38304200
2024. 3. 19.,38505800
2024. 3. 20.,38707400
2024. 3. 21.,38909000
2024. 3. 22.,39110600
2024. 3. 23.,39312200
2024. 3. 24.,39513800
2024. 3. 25.,39715400
2024. 3. 26.,39917000
2024. 3. 27.,40118600
2024. 3. 28.,40320200
2024. 3. 29.,40521800
2024. 3. 30.,40723400
2024. 3. 31.,40925000
2024. 4. 1.,41126600
2024. 4. 2.,41328200
2024. 4. 3.,41529800
2024. 4. 4.,41731400
2024. 4. 5.,41933000
2024. 4. 6.,42134600
2024. 4. 7.,42336200
2024. 4. 8.,42537800
2024. 4. 9.,42739400
2024. 4. 10.,42941000
2024. 4. 11.,43142600
2024. 4. 12.,43344200
2024. 4. 13.,43545800
2024. 4. 14.,43747400
2024. 4. 15.,43949000
2024. 4. 16.,44150600
2024. 4. 17.,44352200
2024. 4. 18.,44553800
2024. 4. 19.,44755400
2024. 4. 20.,44957000
2024. 4. 21.,45158600
2024. 4. 22.,45360200
2024. 4. 23.,45561800
2024. 4. 24.,45763400
2024. 4. 25.,45965000
2024. 4. 26.,46166600
2024. 4. 27.,46368200
2024. 4. 28.,46569800
2024. 4. 29.,46771400
2024. 4. 30.,46973000
2024. 5. 1.,47174600
2024. 5. 2.,47376200
2024. 5. 3.,47577800
2024. 5. 4.,47779400
2024. 5. 5.,47981000
2024. 5. 6.,48182600
2024. 5. 7.,48384200
2024. 5. 8.,48585800
2024. 5. 9.,48787400
2024. 5. 10.,48989000
2024. 5. 11.,49190600
2024. 5. 12.,49392200
2024. 5. 13.,49593800
2024. 5. 14.,49795400
2024. 5. 15.,49997000
2024. 5. 16.,50198600
2024. 5. 17.,50400200
2024. 5. 18.,50601800
2024. 5. 19.,50803400
2024. 5. 20.,51005000
2024. 5. 21.,51206600
2024. 5. 22.,51408200
2024. 5. 23.,51609800
2024. 5. 24.,51811400
2024. 5. 25.,52013000
2024. 5. 26.,52214600
2024. 5. 27.,52416200
2024. 5. 28.,52617800
2024. 5. 29.,52819400
2024. 5. 30.,53021000
2024. 5. 31.,53222600
2024. 6. 1.,53424200
2024. 6. 2.,53625800
2024. 6. 3.,53827400
2024. 6. 4.,54029000
2024. 6. 5.,54230600
2024. 6. 6.,54432200
2024. 6. 7.,54455096
2024. 6. 8.,54477992
2024. 6. 9.,54500888
2024. 6. 10.,54523784
2024. 6. 11.,54546680
2024. 6. 12.,54569576
2024. 6. 13.,54592472
2024. 6. 14.,54615368
2024. 6. 15.,54638264
2024. 6. 16.,54661160
2024. 6. 17.,54684056
2024. 6. 18.,54706952
2024. 6. 19.,54729848
2024. 6. 20.,54752744
2024. 6. 21.,54775640
2024. 6. 22.,54798536
2024. 6. 23.,54821432
2024. 6. 24.,54844328
2024. 6. 25.,54867224
2024. 6. 26.,54890120
2024. 6. 27.,54913016
2024. 6. 28.,54935912
2024. 6. 29.,54958808
2024. 6. 30.,54981704
2024. 7. 1.,55004600
2024. 7. 2.,55027496
2024. 7. 3.,55050392
2024. 7. 4.,55073288
2024. 7. 5.,55096184
2024. 7. 6.,55119080
2024. 7. 7.,55141976
2024. 7. 8.,55164872
2024. 7. 9.,55187768
2024. 7. 10.,55210664
2024. 7. 11.,55233560
2024. 7. 12.,55256456
2024. 7. 13.,55279352
2024. 7. 14.,55302248
2024. 7. 15.,55325144
2024. 7. 16.,55348040
2024. 7. 17.,55370936
2024. 7. 18.,55393832
2024. 7. 19.,55416728
2024. 7. 20.,55439624
2024. 7. 21.,55462520
2024. 7. 22.,55485416
2024. 7. 23.,55508312
2024. 7. 24.,55531208
2024. 7. 25.,55554104
2024. 7. 26.,55577000
2024. 7. 27.,55599896
2024. 7. 28.,55622792
2024. 7. 29.,55645688
2024. 7. 30.,55668584
2024. 7. 31.,55691480
2024. 8. 1.,55714376
2024. 8. 2.,55737272
2024. 8. 3.,55760168
2024. 8. 4.,55783064
2024. 8. 5.,55805960
2024. 8. 6.,55828856
2024. 8. 7.,55851752
2024. 8. 8.,55874648
2024. 8. 9.,55897544
2024. 8. 10.,55920440
2024. 8. 11.,55943336
2024. 8. 12.,55966232
2024. 8. 13.,55989128
2024. 8. 14.,56012024
2024. 8. 15.,56034920
2024. 8. 16.,56057816
2024. 8. 17.,56080712
2024. 8. 18.,56103608
2024. 8. 19.,56126504
2024. 8. 20.,56149400
2024. 8. 21.,56172296
2024. 8. 22.,56195192
2024. 8. 23.,56218088
2024. 8. 24.,56240984
2024. 8. 25.,56263880
2024. 8. 26.,56286776
2024. 8. 27.,56309672
2024. 8. 28.,56332568
2024. 8. 29.,56355464
2024. 8. 30.,56378360
2024. 8. 31.,56401256
2024. 9. 1.,56424152
2024. 9. 2.,56447048
2024. 9. 3.,56469944
2024. 9. 4.,56492840
2024. 9. 5.,56515736
2024. 9. 6.,56538632
2024. 9. 7.,56561528
2024. 9. 8.,56584424
2024. 9. 9.,56607320
2024. 9. 10.,56630216
2024. 9. 11.,56653112
2024. 9. 12.,56676008
2024. 9. 13.,56698904
2024. 9. 14.,56721800
2024. 9. 15.,56744696
2024. 9. 16.,56767592
2024. 9. 17.,56790488
2024. 9. 18.,56813384
2024. 9. 19.,56836280
2024. 9. 20.,56859176
2024. 9. 21.,56882072
2024. 9. 22.,56904968
2024. 9. 23.,56927864
2024. 9. 24.,56950760
2024. 9. 25.,56973656
2024. 9. 26.,56996552
2024. 9. 27.,57019448
2024. 9. 28.,57042344
2024. 9. 29.,57065240
2024. 9. 30.,57088136
2024. 10. 1.,57111032
2024. 10. 2.,57133928
2024. 10. 3.,57156824
2024. 10. 4.,57179720
2024. 10. 5.,57202616
2024. 10. 6.,57225512
2024. 10. 7.,57248408
2024. 10. 8.,57271304
2024. 10. 9.,57294200
2024. 10. 10.,57317096
2024. 10. 11.,57339992
2024. 10. 12.,57362888
2024. 10. 13.,57385784
2024. 10. 14.,57408680
2024. 10. 15.,57431576
2024. 10. 16.,57454472
2024. 10. 17.,57477368
2024. 10. 18.,57500264
2024. 10. 19.,57523160
2024. 10. 20.,57546056
2024. 10. 21.,57568952
2024. 10. 22.,57591848
2024. 10. 23.,57614744
2024. 10. 24.,57637640
2024. 10. 25.,57660536
2024. 10. 26.,57683432
2024. 10. 27.,57706328
2024. 10. 28.,57729224
2024. 10. 29.,57752120
2024. 10. 30.,57775016
2024. 10. 31.,57797912
2024. 11. 1.,57820808
2024. 11. 2.,57843704
2024. 11. 3.,57866600
2024. 11. 4.,57889496
2024. 11. 5.,57912392
2024. 11. 6.,57935288
2024. 11. 7.,57958184
2024. 11. 8.,57981080
2024. 11. 9.,58003976
2024. 11. 10.,58026872
2024. 11. 11.,58049768
2024. 11. 12.,58072664
2024. 11. 13.,58095560
2024. 11. 14.,58118456
2024. 11. 15.,58141352
2024. 11. 16.,58164248
2024. 11. 17.,58187144
2024. 11. 18.,58210040
2024. 11. 19.,58232936
2024. 11. 20.,58255832
2024. 11. 21.,58278728
2024. 11. 22.,58301624
2024. 11. 23.,58324520
2024. 11. 24.,58347416
2024. 11. 25.,58370312
2024. 11. 26.,58393208
2024. 11. 27.,58416104
2024. 11. 28.,58439000
2024. 11. 29.,58461896
2024. 11. 30.,58484792
2024. 12. 1.,58507688
2024. 12. 2.,58530584
2024. 12. 3.,58553480
2024. 12. 4.,58556360
2024. 12. 5.,58559240
2024. 12. 6.,58562120
2024. 12. 7.,58565000
2024. 12. 8.,58567880
2024. 12. 9.,58570760
2024. 12. 10.,58573640
2024. 12. 11.,58576520
2024. 12. 12.,58579400
2024. 12. 13.,58582280
2024. 12. 14.,58585160
2024. 12. 15.,58588040
2024. 12. 16.,58590920
2024. 12. 17.,58593800
2024. 12. 18.,58596680
2024. 12. 19.,58599560
2024. 12. 20.,58602440
2024. 12. 21.,58605320
2024. 12. 22.,58608200
2024. 12. 23.,58611080
2024. 12. 24.,58613960
2024. 12. 25.,58616840
2024. 12. 26.,58619720
2024. 12. 27.,58622600
2024. 12. 28.,58625480
2024. 12. 29.,58628360
2024. 12. 30.,58631240
2024. 12. 31.,58634120
2025. 1. 1.,58637000
2025. 1. 2.,58639880
2025. 1. 3.,58642760
2025. 1. 4.,58645640
2025. 1. 5.,58648520
2025. 1. 6.,58651400
2025. 1. 7.,58654280
2025. 1. 8.,58657160
2025. 1. 9.,58660040
2025. 1. 10.,58662920
2025. 1. 11.,58665800
2025. 1. 12.,58668680
2025. 1. 13.,58671560
2025. 1. 14.,58674440
2025. 1. 15.,58677320
2025. 1. 16.,58680200
2025. 1. 17.,58683080
2025. 1. 18.,58685960
2025. 1. 19.,58688840
2025. 1. 20.,58691720
2025. 1. 21.,58694600
2025. 1. 22.,58697480
2025. 1. 23.,58700360
2025. 1. 24.,58703240
2025. 1. 25.,58706120
2025. 1. 26.,58709000
2025. 1. 27.,58711880
2025. 1. 28.,58714760
2025. 1. 29.,58717640
2025. 1. 30.,58720520
2025. 1. 31.,58723400
2025. 2. 1.,58726280
2025. 2. 2.,58729160
2025. 2. 3.,58732040
2025. 2. 4.,58734920
2025. 2. 5.,58737800
2025. 2. 6.,58740680
2025. 2. 7.,58743560
2025. 2. 8.,58746440
2025. 2. 9.,58749320
2025. 2. 10.,58752200
2025. 2. 11.,58755080
2025. 2. 12.,58757960
2025. 2. 13.,58760840
2025. 2. 14.,58763720
2025. 2. 15.,58766600
2025. 2. 16.,58769480
2025. 2. 17.,58772360
2025. 2. 18.,58775240
2025. 2. 19.,58778120
2025. 2. 20.,58781000
2025. 2. 21.,58783880
2025. 2. 22.,58786760
2025. 2. 23.,58789640
2025. 2. 24.,58792520
2025. 2. 25.,58795400
2025. 2. 26.,58798280
2025. 2. 27.,58801160
2025. 2. 28.,58804040
2025. 3. 1.,58806920
2025. 3. 2.,58809800
2025. 3. 3.,58812680
2025. 3. 4.,58815560
2025. 3. 5.,58818440
2025. 3. 6.,58821320
2025. 3. 7.,58824200
2025. 3. 8.,58827080
2025. 3. 9.,58829960
2025. 3. 10.,58832840
2025. 3. 11.,58835720
2025. 3. 12.,58838600
2025. 3. 13.,58841480
2025. 3. 14.,58844360
2025. 3. 15.,58847240
2025. 3. 16.,58850120
2025. 3. 17.,58853000
2025. 3. 18.,58855880
2025. 3. 19.,58858760
2025. 3. 20.,58861640
2025. 3. 21.,58864520
2025. 3. 22.,58867400
2025. 3. 23.,58870280
2025. 3. 24.,58873160
2025. 3. 25.,58876040
2025. 3. 26.,58878920
2025. 3. 27.,58881800
2025. 3. 28.,58884680
2025. 3. 29.,58887560
2025. 3. 30.,58890440
2025. 3. 31.,58893320
2025. 4. 1.,58896200
2025. 4. 2.,58899080
2025. 4. 3.,58901960
2025. 4. 4.,58904840
2025. 4. 5.,58907720
2025. 4. 6.,58910600
2025. 4. 7.,58913480
2025. 4. 8.,58916360
2025. 4. 9.,58919240
2025. 4. 10.,58922120
2025. 4. 11.,58925000
2025. 4. 12.,58927880
2025. 4. 13.,58930760
2025. 4. 14.,58933640
2025. 4. 15.,58936520
2025. 4. 16.,58939400
2025. 4. 17.,58942280
2025. 4. 18.,58945160
2025. 4. 19.,58948040
2025. 4. 20.,58950920
2025. 4. 21.,58953800
2025. 4. 22.,58956680
2025. 4. 23.,58959560
2025. 4. 24.,58962440
2025. 4. 25.,58965320
2025. 4. 26.,58968200
2025. 4. 27.,58971080
2025. 4. 28.,58973960
2025. 4. 29.,58976840
2025. 4. 30.,58979720
2025. 5. 1.,58982600
2025. 5. 2.,58985480
2025. 5. 3.,58988360
2025. 5. 4.,58991240
2025. 5. 5.,58994120
2025. 5. 6.,58997000
2025. 5. 7.,58999880
2025. 5. 8.,59002760
2025. 5. 9.,59005640
2025. 5. 10.,59008520
2025. 5. 11.,59011400
2025. 5. 12.,59014280
2025. 5. 13.,59017160
2025. 5. 14.,59020040
2025. 5. 15.,59022920
2025. 5. 16.,59025800
2025. 5. 17.,59028680
2025. 5. 18.,59031560
2025. 5. 19.,59034440
2025. 5. 20.,59037320
2025. 5. 21.,59040200
2025. 5. 22.,59043080
2025. 5. 23.,59045960
2025. 5. 24.,59048840
2025. 5. 25.,59051720
2025. 5. 26.,59054600
2025. 5. 27.,59057480
2025. 5. 28.,59060360
2025. 5. 29.,59063240
2025. 5. 30.,59066120
2025. 5. 31.,59069000
2025. 6. 1.,59071880
2025. 6. 2.,59074760
2025. 6. 3.,59077640
2025. 6. 4.,59080520
2025. 6. 5.,59083400
2025. 6. 6.,59086280
2025. 6. 7.,59089160
2025. 6. 8.,59092040
2025. 6. 9.,59094920
2025. 6. 10.,59097800
2025. 6. 11.,59100680
2025. 6. 12.,59103560
2025. 6. 13.,59106440
2025. 6. 14.,59109320
2025. 6. 15.,59112200
2025. 6. 16.,59115080
2025. 6. 17.,59117960
2025. 6. 18.,59120840
2025. 6. 19.,59123720
2025. 6. 20.,59126600
2025. 6. 21.,59129480
2025. 6. 22.,59132360
2025. 6. 23.,59135240
2025. 6. 24.,59138120
2025. 6. 25.,59141000
2025. 6. 26.,59143880
2025. 6. 27.,59146760
2025. 6. 28.,59149640
2025. 6. 29.,59152520
2025. 6. 30.,59155400
2025. 7. 1.,59158280
2025. 7. 2.,59161160
2025. 7. 3.,59164040
2025. 7. 4.,59166920
2025. 7. 5.,59169800
2025. 7. 6.,59172680
2025. 7. 7.,59175560
2025. 7. 8.,59178440
2025. 7. 9.,59181320
2025. 7. 10.,59184200
2025. 7. 11.,59187080
2025. 7. 12.,59189960
2025. 7. 13.,59192840
2025. 7. 14.,59195720
2025. 7. 15.,59198600
2025. 7. 16.,59201480
2025. 7. 17.,59204360
2025. 7. 18.,59207240
2025. 7. 19.,59210120
2025. 7. 20.,59213000
2025. 7. 21.,59215880
2025. 7. 22.,59218760
2025. 7. 23.,59221640
2025. 7. 24.,59224520
2025. 7. 25.,59227400
2025. 7. 26.,59230280
2025. 7. 27.,59233160
2025. 7. 28.,59236040
2025. 7. 29.,59238920
2025. 7. 30.,59241800
2025. 7. 31.,59244680
2025. 8. 1.,59247560
2025. 8. 2.,59250440
2025. 8. 3.,59253320
2025. 8. 4.,59256200
2025. 8. 5.,59259080
2025. 8. 6.,59261960
2025. 8. 7.,59264840
2025. 8. 8.,59267720
2025. 8. 9.,59270600
2025. 8. 10.,59273480
2025. 8. 11.,59276360
2025. 8. 12.,59279240
2025. 8. 13.,59282120
2025. 8. 14.,59285000
2025. 8. 15.,59287880
2025. 8. 16.,59290760
2025. 8. 17.,59293640
2025. 8. 18.,59296520
2025. 8. 19.,59299400
2025. 8. 20.,59302280
2025. 8. 21.,59305160
2025. 8. 22.,59308040
2025. 8. 23.,59310920
2025. 8. 24.,59313800
2025. 8. 25.,59316680
2025. 8. 26.,59319560
2025. 8. 27.,59322440
2025. 8. 28.,59325320
2025. 8. 29.,59328200
2025. 8. 30.,59331080
2025. 8. 31.,59333960
2025. 9. 1.,59336840
2025. 9. 2.,59339720
2025. 9. 3.,59342600
2025. 9. 4.,59345480
2025. 9. 5.,59348360
2025. 9. 6.,59351240
2025. 9. 7.,59354120
2025. 9. 8.,59357000
2025. 9. 9.,59359880
2025. 9. 10.,59362760
2025. 9. 11.,59365640
2025. 9. 12.,59368520
2025. 9. 13.,59371400
2025. 9. 14.,59374280
2025. 9. 15.,59377160
2025. 9. 16.,59380040
2025. 9. 17.,59382920
2025. 9. 18.,59385800
2025. 9. 19.,59388680
2025. 9. 20.,59391560
2025. 9. 21.,59394440
2025. 9. 22.,59397320
2025. 9. 23.,59400200
2025. 9. 24.,59403080
2025. 9. 25.,59405960
2025. 9. 26.,59408840
2025. 9. 27.,59411720
2025. 9. 28.,59414600
2025. 9. 29.,59417480
2025. 9. 30.,59420360
2025. 10. 1.,59423240
2025. 10. 2.,59426120
2025. 10. 3.,59429000
2025. 10. 4.,59431880
2025. 10. 5.,59434760
2025. 10. 6.,59437640
2025. 10. 7.,59440520
2025. 10. 8.,59443400
2025. 10. 9.,59446280
2025. 10. 10.,59449160
2025. 10. 11.,59452040
2025. 10. 12.,59454920
2025. 10. 13.,59457800
2025. 10. 14.,59460680
2025. 10. 15.,59463560
2025. 10. 16.,59466440
2025. 10. 17.,59469320
2025. 10. 18.,59472200
2025. 10. 19.,59475080
2025. 10. 20.,59477960
2025. 10. 21.,59480840
2025. 10. 22.,59483720
2025. 10. 23.,59486600
2025. 10. 24.,59489480
2025. 10. 25.,59492360
2025. 10. 26.,59495240
2025. 10. 27.,59498120
2025. 10. 28.,59501000
2025. 10. 29.,59503880
2025. 10. 30.,59506760
2025. 10. 31.,59509640
2025. 11. 1.,59512520
2025. 11. 2.,59515400
2025. 11. 3.,59518280
2025. 11. 4.,59521160
2025. 11. 5.,59524040
2025. 11. 6.,59526920
2025. 11. 7.,59529800
2025. 11. 8.,59532680
2025. 11. 9.,59535560
2025. 11. 10.,59538440
2025. 11. 11.,59541320
2025. 11. 12.,59544200
2025. 11. 13.,59547080
2025. 11. 14.,59549960
2025. 11. 15.,59552840
2025. 11. 16.,59555720
2025. 11. 17.,59558600
2025. 11. 18.,59561480
2025. 11. 19.,59564360
2025. 11. 20.,59567240
2025. 11. 21.,59570120
2025. 11. 22.,59573000
2025. 11. 23.,59575880
2025. 11. 24.,59578760
2025. 11. 25.,59581640
2025. 11. 26.,59584520
2025. 11. 27.,59587400
2025. 11. 28.,59590280
2025. 11. 29.,59593160
2025. 11. 30.,59596040
2025. 12. 1.,59598920
2025. 12. 2.,59601800
2025. 12. 3.,59604680
2025. 12. 4.,59607560
2025. 12. 5.,59610440
2025. 12. 6.,59613320
2025. 12. 7.,59616200
2025. 12. 8.,59619080
2025. 12. 9.,59621960
2025. 12. 10.,59624840
2025. 12. 11.,59627720
2025. 12. 12.,59630600
2025. 12. 13.,59633480
2025. 12. 14.,59636360
2025. 12. 15.,59639240
2025. 12. 16.,59642120
2025. 12. 17.,59645000
2025. 12. 18.,59647880
2025. 12. 19.,59650760
2025. 12. 20.,59653640
2025. 12. 21.,59656520
2025. 12. 22.,59659400
2025. 12. 23.,59662280
2025. 12. 24.,59665160
2025. 12. 25.,59668040
2025. 12. 26.,59670920
2025. 12. 27.,59673800
2025. 12. 28.,59676680
2025. 12. 29.,59679560
2025. 12. 30.,59682440
2025. 12. 31.,59685320
2026. 1. 1.,59688200
2026. 1. 2.,59691080
2026. 1. 3.,59693960
2026. 1. 4.,59696840
2026. 1. 5.,59699720
2026. 1. 6.,59702600
2026. 1. 7.,59705480
2026. 1. 8.,59708360
2026. 1. 9.,59711240
2026. 1. 10.,59714120
2026. 1. 11.,59717000
2026. 1. 12.,59719880
2026. 1. 13.,59722760
2026. 1. 14.,59725640
2026. 1. 15.,59728520
2026. 1. 16.,59731400
2026. 1. 17.,59734280
2026. 1. 18.,59737160
2026. 1. 19.,59740040
2026. 1. 20.,59742920
2026. 1. 21.,59745800
2026. 1. 22.,59748680
2026. 1. 23.,59751560
2026. 1. 24.,59754440
2026. 1. 25.,59757320
2026. 1. 26.,59760200
2026. 1. 27.,59763080
2026. 1. 28.,59765960
2026. 1. 29.,59768840
2026. 1. 30.,59771720
2026. 1. 31.,59774600
2026. 2. 1.,59777480
2026. 2. 2.,59780360
2026. 2. 3.,59783240
2026. 2. 4.,59786120
2026. 2. 5.,59789000
2026. 2. 6.,59791880
2026. 2. 7.,59794760
2026. 2. 8.,59797640
2026. 2. 9.,59800520
2026. 2. 10.,59803400
2026. 2. 11.,59806280
2026. 2. 12.,59809160
2026. 2. 13.,59812040
2026. 2. 14.,59814920
2026. 2. 15.,59817800
2026. 2. 16.,59820680
2026. 2. 17.,59823560
2026. 2. 18.,59826440
2026. 2. 19.,59829320
2026. 2. 20.,59832200
2026. 2. 21.,59835080
2026. 2. 22.,59837960
2026. 2. 23.,59840840
2026. 2. 24.,59843720
2026. 2. 25.,59846600
2026. 2. 26.,59849480
2026. 2. 27.,59852360
2026. 2. 28.,59855240
2026. 3. 1.,59858120
2026. 3. 2.,59861000
2026. 3. 3.,59863880
2026. 3. 4.,59866760
2026. 3. 5.,59869640
2026. 3. 6.,59872520
2026. 3. 7.,59875400
2026. 3. 8.,59878280
2026. 3. 9.,59881160
2026. 3. 10.,59884040
2026. 3. 11.,59886920
2026. 3. 12.,59889800
2026. 3. 13.,59892680
2026. 3. 14.,59895560
2026. 3. 15.,59898440
2026. 3. 16.,59901320
2026. 3. 17.,59904200
2026. 3. 18.,59907080
2026. 3. 19.,59909960
2026. 3. 20.,59912840
2026. 3. 21.,59915720
2026. 3. 22.,59918600
2026. 3. 23.,59921480
2026. 3. 24.,59924360
2026. 3. 25.,59927240
2026. 3. 26.,59930120
2026. 3. 27.,59933000
2026. 3. 28.,59935880
2026. 3. 29.,59938760
2026. 3. 30.,59941640
2026. 3. 31.,59944520
2026. 4. 1.,59947400
2026. 4. 2.,59950280
2026. 4. 3.,59953160
2026. 4. 4.,59956040
2026. 4. 5.,59958920
2026. 4. 6.,59961800
2026. 4. 7.,59964680
2026. 4. 8.,59967560
2026. 4. 9.,59970440
2026. 4. 10.,59973320
2026. 4. 11.,59976200
2026. 4. 12.,59979080
2026. 4. 13.,59981960
2026. 4. 14.,59984840
2026. 4. 15.,59987720
2026. 4. 16.,59990600
2026. 4. 17.,59993480
2026. 4. 18.,59996360
2026. 4. 19.,59999240
2026. 4. 20.,60002120
2026. 4. 21.,60005000
2026. 4. 22.,60007880
2026. 4. 23.,60010760
2026. 4. 24.,60013640
2026. 4. 25.,60016520
2026. 4. 26.,60019400
2026. 4. 27.,60022280
2026. 4. 28.,60025160
2026. 4. 29.,60028040
2026. 4. 30.,60030920
2026. 5. 1.,60033800
2026. 5. 2.,60036680
2026. 5. 3.,60039560
2026. 5. 4.,60042440
2026. 5. 5.,60045320
2026. 5. 6.,60048200
2026. 5. 7.,60051080
2026. 5. 8.,60053960
2026. 5. 9.,60056840
2026. 5. 10.,60059720
2026. 5. 11.,60062600
2026. 5. 12.,60065480
2026. 5. 13.,60068360
2026. 5. 14.,60071240
2026. 5. 15.,60074120
2026. 5. 16.,60077000
2026. 5. 17.,60079880
2026. 5. 18.,60082760
2026. 5. 19.,60085640
2026. 5. 20.,60088520
2026. 5. 21.,60091400
2026. 5. 22.,60094280
2026. 5. 23.,60097160
2026. 5. 24.,60100040
2026. 5. 25.,60102920
2026. 5. 26.,60105800
2026. 5. 27.,60108680
2026. 5. 28.,60111560
2026. 5. 29.,60114440
2026. 5. 30.,60117320
2026. 5. 31.,60120200
2026. 6. 1.,60123080
2026. 6. 2.,60125960
2026. 6. 3.,60128840
2026. 6. 4.,60131720
2026. 6. 5.,60134600
2026. 6. 6.,60137480
2026. 6. 7.,60140360
2026. 6. 8.,60143240
2026. 6. 9.,60146120
2026. 6. 10.,60149000
2026. 6. 11.,60151880
2026. 6. 12.,60154760
2026. 6. 13.,60157640
2026. 6. 14.,60160520
2026. 6. 15.,60163400
2026. 6. 16.,60166280
2026. 6. 17.,60169160
2026. 6. 18.,60172040
2026. 6. 19.,60174920
2026. 6. 20.,60177800
2026. 6. 21.,60180680
2026. 6. 22.,60183560
2026. 6. 23.,60186440
2026. 6. 24.,60189320
2026. 6. 25.,60192200
2026. 6. 26.,60195080
2026. 6. 27.,60197960
2026. 6. 28.,60200840
2026. 6. 29.,60203720
2026. 6. 30.,60206600
2026. 7. 1.,60209480
2026. 7. 2.,60212360
2026. 7. 3.,60215240
2026. 7. 4.,60218120
2026. 7. 5.,60221000
2026. 7. 6.,60223880
2026. 7. 7.,60226760
2026. 7. 8.,60229640
2026. 7. 9.,60232520
2026. 7. 10.,60235400
2026. 7. 11.,60238280
2026. 7. 12.,60241160
2026. 7. 13.,60244040
2026. 7. 14.,60246920
2026. 7. 15.,60249800
2026. 7. 16.,60252680
2026. 7. 17.,60255560
2026. 7. 18.,60258440
2026. 7. 19.,60261320
2026. 7. 20.,60264200
2026. 7. 21.,60267080
2026. 7. 22.,60269960
2026. 7. 23.,60272840
2026. 7. 24.,60275720
2026. 7. 25.,60278600
2026. 7. 26.,60281480
2026. 7. 27.,60284360
2026. 7. 28.,60287240
2026. 7. 29.,60290120
2026. 7. 30.,60293000
2026. 7. 31.,60295880
2026. 8. 1.,60298760
2026. 8. 2.,60301640
2026. 8. 3.,60304520
2026. 8. 4.,60307400
2026. 8. 5.,60310280
2026. 8. 6.,60313160
2026. 8. 7.,60316040
2026. 8. 8.,60318920
2026. 8. 9.,60321800
2026. 8. 10.,60324680
2026. 8. 11.,60327560
2026. 8. 12.,60330440
2026. 8. 13.,60333320
2026. 8. 14.,60336200
2026. 8. 15.,60339080
2026. 8. 16.,60341960
2026. 8. 17.,60344840
2026. 8. 18.,60347720
2026. 8. 19.,60350600
2026. 8. 20.,60353480
2026. 8. 21.,60356360
2026. 8. 22.,60359240
2026. 8. 23.,60362120
2026. 8. 24.,60365000
2026. 8. 25.,60367880
2026. 8. 26.,60370760
2026. 8. 27.,60373640
2026. 8. 28.,60376520
2026. 8. 29.,60379400
2026. 8. 30.,60382280
2026. 8. 31.,60385160
2026. 9. 1.,60388040
2026. 9. 2.,60390920